{
    "state/past/x": [
        -25.000349014997482,
        -24.233626172004733,
        -23.310276333999354,
        -22.199693021015264,
        -21.240909900981933,
        -20.506290213030297,
        -19.794087497983128,
        -18.95457504299702,
        -17.886813482036814,
        -16.962232997990213,
        -16.078739396994933,
        -15.241744623985142,
        -14.423505512997508,
        -13.508676578989252,
        -12.854098857031204,
        -12.15514827799052,
        -11.317497732990887,
        -10.920536328091597,
        -10.523574923192307,
        -10.126613518293016,
        -9.729652113393726,
        -9.332690708494434,
        -8.935729303595144,
        -8.538767898695854,
        -8.141806493796564,
        -7.744845088897273,
        -7.347883683997983,
        -6.950922279098692,
        -6.553960874199402,
        -6.1569994693001115,
        -5.7600380644008204,
        -5.36307665950153,
        -4.96611525460224,
        -4.56915384970295,
        -4.17219244480366,
        -3.7752310399043685,
        -3.3782696350050783,
        -2.981308230105787,
        -2.584346825206497,
        -2.1873854203072067,
        -1.7904240154079165,
        -1.3934626105086263,
        -0.9965012056093361,
        -0.5995398007100459,
        -0.20257839581075388,
        0.19438300908853634,
        0.5913444139878266
    ],
    "state/past/y": [
        -18.815364410169423,
        -18.392216850072145,
        -17.842558279633522,
        -17.204692530445755,
        -16.64073857013136,
        -16.156351719982922,
        -15.756638079881668,
        -15.332871080376208,
        -14.797678830102086,
        -14.325621980242431,
        -13.879703150130808,
        -13.462006700225174,
        -13.07015650998801,
        -12.584443129599094,
        -12.241333359852433,
        -11.883032949641347,
        -11.455310910008848,
        -11.278283726330846,
        -11.101256542652845,
        -10.924229358974845,
        -10.747202175296843,
        -10.570174991618842,
        -10.39314780794084,
        -10.216120624262839,
        -10.039093440584839,
        -9.862066256906838,
        -9.685039073228836,
        -9.508011889550835,
        -9.330984705872833,
        -9.153957522194833,
        -8.976930338516832,
        -8.79990315483883,
        -8.622875971160829,
        -8.445848787482827,
        -8.268821603804827,
        -8.091794420126826,
        -7.914767236448824,
        -7.737740052770823,
        -7.560712869092822,
        -7.383685685414821,
        -7.20665850173682,
        -7.029631318058819,
        -6.852604134380818,
        -6.675576950702816,
        -6.498549767024815,
        -6.321522583346814,
        -6.144495399668813
    ],
    "state/past/length": [
        4.13945684083044,
        4.13353251830249,
        4.13353251830249,
        4.13290337935595,
        4.14809713668857,
        4.16686320516455,
        4.19296551616627,
        4.2147394657135,
        4.23364291191101,
        4.22648677825928,
        4.24078731536865,
        4.24142084121704,
        4.23180012702942,
        4.2671567440033,
        4.29137978553772,
        4.32188811302185,
        4.32841668128967,
        4.36472573280335,
        4.36321358680725,
        4.3271511554718,
        4.35946407318115,
        4.3177896976471,
        4.275115442276,
        4.26775813102722,
        4.26602625846863,
        4.28041930198669,
        4.31017551422119,
        4.30541257858276,
        4.30551319122314,
        4.29208874702454,
        4.27195439338684,
        4.31118326187134,
        4.30786099433899,
        4.28637280464172,
        4.2979465007782,
        4.22477021217346,
        4.24316849708557,
        4.26186203956604,
        4.28476243019104,
        4.28004984855652,
        4.27404270172119,
        4.24103355407715,
        4.33066940307617,
        4.34163570404053,
        4.32878980636597,
        4.25573325157166,
        4.20107917785645
    ],
    "state/past/width": [
        1.67779027223587,
        1.68251956701279,
        1.69083205461502,
        1.69462940692902,
        1.69816502332687,
        1.70872052907944,
        1.71813908815384,
        1.75644198656082,
        1.78174351453781,
        1.79648419618607,
        1.74722672700882,
        1.69626944065094,
        1.65486599206924,
        1.64689083099365,
        1.6625186085701,
        1.66774860620499,
        1.66325445175171,
        1.66225666999817,
        1.62636667490005,
        1.65519955158234,
        1.6610843539238,
        1.67069463729858,
        1.70613234043121,
        1.71724739074707,
        1.71672928333282,
        1.71549661159515,
        1.73839690685272,
        1.75135569572449,
        1.71162256002426,
        1.70202533006668,
        1.67788752317429,
        1.74532691240311,
        1.75364583730698,
        1.77639565467834,
        1.76990041732788,
        1.74887999296188,
        1.74178372621536,
        1.72719352245331,
        1.71524705886841,
        1.69182727336884,
        1.66810573339462,
        1.63381943702698,
        1.616539478302,
        1.60158628225327,
        1.59256765842438,
        1.61921582221985,
        1.63671363592148
    ],
    "state/past/bbox_yaw": [
        0.5432911728336302,
        0.504293998490307,
        0.5369471846605517,
        0.521347155747288,
        0.531696086078639,
        0.5829346713293962,
        0.5114285778914961,
        0.46746230178096365,
        0.4646297199258536,
        0.4720624826373175,
        0.4674182253590532,
        0.4628817804354851,
        0.4466210798563248,
        0.4880871272509276,
        0.4827958365207946,
        0.4736975072976021,
        0.4721083384314632,
        0.419485560973445,
        0.419485560973445,
        0.4194855609734413,
        0.419485560973445,
        0.41948556097344336,
        0.419485560973445,
        0.419485560973445,
        0.4194855609734413,
        0.419485560973445,
        0.419485560973445,
        0.4194855609734442,
        0.419485560973445,
        0.4194855609734413,
        0.4194855609734442,
        0.419485560973445,
        0.419485560973445,
        0.419485560973445,
        0.4194855609734413,
        0.4194855609734442,
        0.419485560973445,
        0.4194855609734442,
        0.41948556097344314,
        0.419485560973445,
        0.41948556097344314,
        0.419485560973445,
        0.41948556097344314,
        0.419485560973445,
        0.41948556097344336,
        0.41948556097344336
    ],
    "state/past/velocity_x": [
        7.570650208980078,
        5.321056530369679,
        6.4080478757573305,
        7.707448192109587,
        6.65395485303132,
        5.098260634384351,
        4.9426868424273565,
        5.8262164376035805,
        7.410265233063838,
        6.416588559283409,
        6.1314455909072425,
        5.8087437246879565,
        5.678579430254175,
        6.348912802017294,
        4.542769390388858,
        4.850717018542346,
        5.813294782297453,
        2.7549121500010743,
        2.7549121500010743,
        2.7549121500010743,
        2.7549121500010743,
        2.7549121500010867,
        2.7549121500010743,
        2.7549121500010743,
        2.7549121500010743,
        2.7549121500010743,
        2.7549121500010743,
        2.7549121500010805,
        2.7549121500010743,
        2.7549121500010743,
        2.7549121500010805,
        2.7549121500010743,
        2.7549121500010743,
        2.7549121500010743,
        2.7549121500010743,
        2.7549121500010805,
        2.7549121500010743,
        2.7549121500010805,
        2.7549121500010743,
        2.7549121500010743,
        2.7549121500010743,
        2.7549121500010743,
        2.7549121500010743,
        2.7549121500010743,
        2.7549121500010867,
        2.7549121500010867
    ],