{
    "state/past/x": [
        26.064673775981646,
        25.253852983994875,
        23.758793849963695,
        22.225368484971114,
        21.270016157999635,
        20.801102128985804,
        19.87326522701187,
        18.83141737198457,
        17.996255107980687,
        17.057588553987443,
        16.196532567963004,
        15.303126482991502,
        14.532257606973872,
        13.795507963979617,
        13.122859269962646,
        12.4270586729981,
        11.920386501995381,
        11.254305725975428,
        10.752160030999221,
        10.219710059987847,
        9.639826897997409,
        9.163551061006729,
        8.723558030964341,
        8.278688384976704,
        7.78526818100363,
        7.367729049990885,
        6.959894255967811,
        6.578168692998588,
        6.16262817196548,
        5.821502298000269,
        5.414067839970812,
        4.958899567020126,
        4.67399168596603,
        4.320158210000955,
        4.0221043700003065,
        3.76746020198334,
        3.353609164012596,
        2.8271802840172313,
        2.3782656000112183,
        1.992836655001156,
        1.7026350480155088,
        1.3773365499801002,
        0.8564236509846523,
        0.7157819870044477,
        0.5890816019964404,
        0.9189802189939655,
        0.5913444139878266
    ],
    "state/past/y": [
        13.474657779559493,
        12.95691335014999,
        12.025951899588108,
        11.07417078036815,
        10.460252740420401,
        10.133147370070219,
        9.56722573004663,
        8.895638819783926,
        8.347241889685392,
        7.733090150170028,
        7.1504000797867775,
        6.550387419760227,
        6.049016949720681,
        5.604265079833567,
        5.195029160007834,
        4.755190029740334,
        4.447535320185125,
        4.024711890146136,
        3.7045168597251177,
        3.390340809710324,
        3.0575001500546932,
        2.734817829914391,
        2.442979520186782,
        2.165118020027876,
        1.876260619610548,
        1.6364076901227236,
        1.4119531800970435,
        1.198116960003972,
        0.9741432499140501,
        0.7585212597623467,
        0.49287538044154644,
        0.2224569795653224,
        0.04021244030445814,
        -0.1831815904006362,
        -0.40183017030358315,
        -0.6188112096861005,
        -0.9916452104225755,
        -1.4496807297691703,
        -1.8825495401397347,
        -2.2359389699995518,
        -2.5665724398568273,
        -3.0834423704072833,
        -4.322270710021257,
        -4.6442764000967145,
        -5.055332830175757,
        -5.590829550288618,
        -6.144495399668813
    ],
    "state/past/length": [
        4.60697937011719,
        4.61665455500285,
        4.61665455500285,
        4.61489999294281,
        4.62870268821716,
        4.637690782547,
        4.67179808616638,
        4.69109873771667,
        4.67728152275085,
        4.66750645637512,
        4.67349529266357,
        4.66793804168701,
        4.67074136734009,
        4.71814217567444,
        4.74050159454346,
        4.78771572113037,
        4.81759161949158,
        4.83102946281433,
        4.91223492622376,
        4.83739929199219,
        4.8198468208313,
        4.72275700569153,
        4.71591048240662,
        4.70435490608215,
        4.70204253196716,
        4.71730942726135,
        4.70348010063171,
        4.71584005355835,
        4.71064023971558,
        4.71995162963867,
        4.73490791320801,
        4.77243490219116,
        4.79539251327515,
        4.79999833106995,
        4.8073251247406,
        4.8019045829773,
        4.79805068969727,
        4.78977918624878,
        4.79678387641907,
        4.82373895645142,
        4.86522598266602,
        4.95063586235046,
        4.82507967948914,
        4.80114598274231,
        4.78309173583984,
        4.65058789253235,
        4.55832152366638
    ],
    "state/past/width": [
        1.68092828989029,
        1.6751936674118,
        1.66726529598236,
        1.66462515294552,
        1.67135818004608,
        1.67037667036057,
        1.69817727804184,
        1.74041726589203,
        1.7506075501442,
        1.751535820961,
        1.74895044565201,
        1.74000918865204,
        1.73573576211929,
        1.79581598043442,
        1.83660869598389,
        1.87590390443802,
        1.88283392190933,
        1.88288636207581,
        1.88668720722198,
        1.83042106628418,
        1.8209947347641,
        1.76175941228867,
        1.76614819765091,
        1.77917189598083,
        1.79542452096939,
        1.80009024143219,
        1.7989617228508,
        1.79623225927353,
        1.77197234630585,
        1.75084005594254,
        1.75516886711121,
        1.77203283309937,
        1.8007817029953,
        1.82367284297943,
        1.82054240703583,
        1.82849398851395,
        1.81207917928696,
        1.80194503068924,
        1.81137057542801,
        1.81377649307251,
        1.82088873386383,
        1.9114910364151,
        1.928868496418,
        1.96090785264969,
        1.92111992835999,
        1.89512733221054,
        1.8373405456543
    ],
    "state/past/bbox_yaw": [
        0.5748025931208826,
        0.568279308605406,
        0.5569379506404791,
        0.555493668505893,
        0.5711619058010957,
        0.6091004180200627,
        0.5476937702675094,
        0.5725777050686056,
        0.5810255430945165,
        0.5793788620500148,
        0.5949273710829179,
        0.591411090324979,
        0.5766539513152562,
        0.543111883194073,
        0.5465692413026747,
        0.5637128557031167,
        0.5457016612525235,
        0.5656105157049914,
        0.5676468604459634,
        0.5330766938061958,
        0.52106650584677,
        0.5954729809583656,
        0.5856539001250362,
        0.5583050245724742,
        0.5296289364615927,
        0.5214164763693978,
        0.5031168368933099,
        0.5106277206718269,
        0.4943538005740384,
        0.563680951960119,
        0.5777775220343102,
        0.5360747284825994,
        0.5690728574906794,
        0.5631551387405678,
        0.6329141154147009,
        0.7057091017594571,
        0.7333062490088169,
        0.7160369494729514,
        0.767203104199715,
        0.7420594290554958,
        0.8504312916831153,
        1.009066156104975,
        1.1727532752817569,
        1.1590007561379987,
        1.2718052548333556,
        1.2718052548333556
    ],
    "state/past/velocity_x": [
        5.536012974574697,
        5.62709629638819,
        10.375710390176392,
        10.641972033048516,
        6.630145149182063,
        3.254263361355988,
        6.439188099699096,
        7.230424113889458,
        5.796026112186956,
        6.514345884713112,
        5.97572854300961,
        6.200238229702227,
        5.3498299995623535,
        5.113042522380129,
        4.668181936477777,
        4.828856142933946,
        3.5163048667588743,
        4.622600585578476,
        3.4848911231348763,
        3.6952027988189373,
        4.024389144213637,
        3.3053543087153234,
        3.0535516284941697,
        3.0873953431542036,
        3.4243362155731303,
        2.8977215692284517,
        2.830373470520135,
        2.6491754070064055,
        2.883851215969772,
        2.367413565318566,
        2.827595138724428,
        3.1588678142777646,
        1.9772606945154259,
        2.455604323197622,
        2.0684936496044974,
        1.767230526037747,
        2.872126203516964,
        3.6534164271678318,
        3.1154679070017304,
        2.674876878369833,
        2.013999152480392,
        2.2575715763657356,
        3.6151355190284087,
        0.97605314802262,
        0.8793006719555707,
        0.8793006719555707
    ],